date,code,name,market,sector,period,kind,record,listed,age_days,akaji,close,pct,high,prev_high,prev_date,breakout,close_vs_prev,wick,hi_close,turnover,tv_ratio,dev25,streak,days_since_prev,d1,gap1,oc1,cc1,hi1,below_prev1,label1,d5,cc5,max5,min5,label5
2026-10-08,153A,カウリス,グロース,情報・通信業,年初来,年初来,0,,927,,2767,0.22060,2767,2599,2026-10-07,0.06464,0.06464,0.00000,1,14.1975,1.3533,0.62631,4,1,2026-10-09,-0.09035,0.05324,-0.04192,0.09686,0,だまし,,,,,
2026-10-08,173A,ハンモック,グロース,情報・通信業,年初来,年初来,0,,913,,2162,0.22700,2162,1888,2026-10-07,0.14513,0.14513,0.00000,1,9.39389,74.3714,0.34899,3,1,2026-10-09,-0.12581,-0.03704,-0.15819,-0.03423,1,だまし,,,,,
2026-10-08,2009,鳥越製粉,スタンダード,食料品,年初来,年初来,0,,9380,,1149,0.00970,1149,1138,2026-10-07,0.00967,0.00967,0.00000,1,0.255078,1.34893,0.03186,3,1,2026-10-09,0.00000,-0.00435,-0.00435,0.00087,0,横ばい,,,,,
2026-10-08,2760,東京エレクトロン　デバイス,プライム,卸売業,年初来,年初来,0,,8591,,4820,0.00210,4885,4855,2026-10-07,0.00618,-0.00721,0.36111,0,8.8688,1.61081,0.11060,4,1,2026-10-09,-0.01452,0.05895,0.04357,0.03582,0,続伸,,,,,
2026-10-08,2795,日本プリメックス,スタンダード,卸売業,年初来,年初来,0,,8256,,996,0.00100,1037,1017,2026-07-09,0.01967,-0.02065,0.91111,0,0.015936,1.95264,0.02769,1,91,2026-10-09,0.01305,0.00000,0.01305,-0.02700,1,続伸,,,,,
2026-10-08,2820,やまみ,スタンダード,食料品,年初来,記録上の最高値,1,0,3751,,6700,-0.00890,7190,6850,2026-09-08,0.04964,-0.02190,0.80328,0,1.3936,1.25352,0.04891,0,30,2026-10-09,0.01493,-0.01618,-0.00149,-0.05424,1,横ばい,,,,,
2026-10-08,3042,セキュアヴェイル,スタンダード,情報・通信業,年初来,年初来,0,,7404,,533,0.17660,533,494,2026-10-07,0.07895,0.07895,0.00000,1,6.82133,0.8693,0.64934,3,1,2026-10-09,-0.01876,0.11090,0.09006,0.18574,0,続伸,,,,,
2026-10-08,3132,マクニカホールディングス,プライム,卸売業,年初来,記録上の最高値,1,0,4208,,4529,0.02470,4604,4488,2026-10-07,0.02585,0.00914,0.27778,0,85.6524,2.15899,0.14215,4,1,2026-10-09,-0.01413,0.03785,0.02318,0.02628,0,続伸,,,,,
2026-10-08,3138,富士山マガジンサービス,スタンダード,小売業,年初来,年初来,0,,4086,,1204,0.00330,1216,1210,2026-10-06,0.00496,-0.00496,0.70588,0,0.021672,0.684935,0.04116,1,2,2026-10-09,0.00249,-0.00663,-0.00415,-0.00247,1,横ばい,,,,,
2026-10-08,3399,丸千代山岡家,スタンダード,小売業,年初来,記録上の最高値,1,0,7526,,4380,0.03300,4380,4250,2026-09-08,0.03059,0.03059,0.00000,1,8.2125,1.90078,0.11621,4,30,2026-10-09,0.01256,0.01353,0.02626,0.04909,0,続伸,,,,,
2026-10-08,3762,テクマトリックス,プライム,情報・通信業,年初来,記録上の最高値,1,0,6065,,2969,0.08480,3015,2738,2026-10-07,0.10117,0.08437,0.17037,0,44.5944,6.19763,0.18975,3,1,2026-10-09,0.01718,0.02152,0.03907,0.03483,0,続伸,,,,,
2026-10-08,3909,ショーケース,スタンダード,情報・通信業,年初来,年初来,0,,4208,,309,0.24600,315,308,2026-01-21,0.02273,0.00325,0.08696,0,17.9792,65.6011,0.53823,2,260,2026-10-09,-0.09385,0.38929,0.25890,0.23492,0,続伸,,,,,
2026-10-08,3927,フーバーブレイン,スタンダード,情報・通信業,年初来,年初来,0,,3933,,1300,0.27830,1316,1280,2026-03-27,0.02812,0.01562,0.07240,0,76.3568,56.8065,0.40894,1,195,2026-10-09,-0.11538,0.04174,-0.07846,-0.02964,1,だまし,,,,,
2026-10-08,4073,ジィ・シィ企画,グロース,情報・通信業,年初来,年初来,0,,1837,,771,-0.14430,1018,901,2026-10-07,0.12986,-0.14428,0.92509,0,15.4,4.28255,0.29094,0,1,2026-10-09,-0.01946,-0.12302,-0.14008,-0.25049,1,だまし,,,,,
2026-10-08,4178,Ｓｈａｒｉｎｇ　Ｉｎｎｏｖａｔｉｏｎｓ,グロース,情報・通信業,年初来,年初来,0,,2026,,958,0.02900,963,959,2026-10-02,0.00417,-0.00104,0.17857,0,0.141784,0.429922,0.46806,3,6,2026-10-09,0.00000,0.02818,0.02818,0.02804,0,続伸,,,,,
2026-10-08,4197,アスマーク,スタンダード,情報・通信業,年初来,年初来,0,,1711,,2441,0.01290,2441,2414,2026-10-07,0.01118,0.01118,0.00000,1,0.051261,2.40462,0.02603,5,1,2026-10-09,0.00000,0.00000,0.00000,0.00533,0,横ばい,,,,,
2026-10-08,4258,網屋,グロース,情報・通信業,年初来,上場来,1,1,1753,,6150,0.01490,6780,6420,2026-10-07,0.05607,-0.04206,0.92647,0,63.388,10.7667,0.16831,6,1,2026-10-09,-0.06504,0.09043,0.01951,-0.06047,1,続伸,,,,,
2026-10-08,436A,サイバーソリューションズ,グロース,情報・通信業,年初来,上場来,1,1,350,,2061,0.24080,2061,2000,2026-10-07,0.03050,0.03050,0.00000,1,94.2537,13.8903,0.55411,1,1,2026-10-09,-0.01650,-0.06117,-0.07666,0.00243,1,だまし,,,,,
2026-10-08,4382,ＨＥＲＯＺ,スタンダード,情報・通信業,年初来,年初来,0,,3090,,1050,0.07580,1126,1118,2026-10-07,0.00716,-0.06082,0.68468,0,31.058,8.7076,0.25592,1,1,2026-10-09,-0.05714,0.11111,0.04762,-0.02309,1,続伸,,,,,
2026-10-08,4398,ブロードバンドセキュリティ,スタンダード,情報・通信業,年初来,年初来,0,,2936,,2822,0.21530,2822,2322,2026-10-07,0.21533,0.21533,0.00000,1,12.8486,8.77425,0.92796,4,1,2026-10-09,-0.01772,0.01804,0.00000,0.15521,0,横ばい,,,,,
2026-10-08,4417,グローバルセキュリティエキスパート,グロース,情報・通信業,年初来,上場来,1,1,1753,,6610,0.12800,6840,6770,2026-10-06,0.01034,-0.02363,0.25000,0,89.9687,11.4111,0.27106,1,2,2026-10-09,-0.05144,0.06061,0.00605,-0.02778,1,横ばい,,,,,
2026-10-08,4421,ディ・アイ・システム,スタンダード,情報・通信業,年初来,年初来,0,,2908,,1000,0.10130,1058,997,2026-01-06,0.06118,0.00301,0.35802,0,1.959,51.3203,0.06774,3,275,2026-10-09,-0.01000,-0.05152,-0.06100,-0.03592,1,だまし,,,,,
2026-10-08,4431,スマレジ,グロース,情報・通信業,年初来,年初来,0,,2782,,3890,0.01430,3945,3900,2026-10-07,0.01154,-0.00256,0.61111,0,4.71857,1.51252,0.12584,4,1,2026-10-09,-0.01028,0.07143,0.06041,0.04563,0,続伸,,,,,
2026-10-08,4461,第一工業製薬,プライム,化学,年初来,記録上の最高値,1,0,9411,,15890,-0.05020,16790,16770,2026-10-07,0.00119,-0.05247,0.96774,0,25.8054,1.14409,0.15292,0,1,2026-10-09,-0.03398,0.08534,0.04846,-0.00238,1,続伸,,,,,
2026-10-08,4493,サイバーセキュリティクラウド,グロース,情報・通信業,年初来,年初来,0,,2390,,3360,0.17560,3360,3120,2026-10-07,0.07692,0.07692,0.00000,1,13.6819,0.155031,0.66601,4,1,2026-10-09,-0.02083,0.12462,0.10119,0.19048,0,続伸,,,,,
2026-10-08,4615,神東塗料,スタンダード,化学,年初来,年初来,0,,9656,,134,0.00750,149,136,2026-08-05,0.09559,-0.01471,0.88235,0,0.488296,17.4652,0.01731,2,64,2026-10-09,0.00000,0.00746,0.00746,-0.07383,1,横ばい,,,,,
2026-10-08,4684,オービック,プライム,情報・通信業,年初来,年初来,0,,9411,0,5174,0.01250,5184,5180,2026-09-15,0.00077,-0.00116,0.09259,0,92.982,1.15165,0.03070,3,23,2026-10-09,0.00503,0.01885,0.02397,0.02951,0,続伸,,,,,
2026-10-08,4704,トレンドマイクロ,プライム,情報・通信業,年初来,年初来,0,,9533,0,7232,0.03890,7430,7220,2026-10-07,0.02909,0.00166,0.46698,0,259.13,3.22309,0.14271,3,1,2026-10-09,0.00014,0.04894,0.04909,0.02113,0,続伸,,,,,
2026-10-08,4746,東計電算,スタンダード,情報・通信業,年初来,記録上の最高値,1,0,9380,,2034,0.01500,2044,2025,2026-10-07,0.00938,0.00444,0.15625,0,4.80431,1.29665,0.09646,1,1,2026-10-09,0.00295,0.02402,0.02704,0.02202,0,続伸,,,,,
2026-10-08,4768,大塚商会,プライム,情報・通信業,年初来,年初来,0,,9380,0,3842,0.02640,3855,3770,2026-10-07,0.02255,0.01910,0.10569,0,96.5495,2.32025,0.05925,3,1,2026-10-09,0.01171,0.03061,0.04269,0.04358,0,続伸,,,,,
2026-10-08,476A,辻・本郷ＩＴコンサルティング,スタンダード,情報・通信業,年初来,上場来,1,1,293,,2480,-0.16780,3480,3375,2026-10-07,0.03111,-0.26519,1.00000,0,34.2686,9.34154,0.31403,0,1,2026-10-09,-0.06976,-0.04768,-0.11411,-0.27356,1,だまし,,,,,
2026-10-08,4849,エン,プライム,サービス業,年初来,年初来,0,,8956,,1774,0.02960,1803,1770,2026-09-28,0.01864,0.00226,0.67442,0,5.34329,0.934912,0.05317,1,10,2026-10-09,0.01353,0.02225,0.03608,0.01941,0,続伸,,,,,
2026-10-08,4967,小林製薬,プライム,化学,年初来,年初来,0,,9380,,7206,0.00740,7223,7222,2026-10-02,0.00014,-0.00222,0.17895,0,19.7516,0.855667,0.14912,2,6,2026-10-09,-0.00083,0.00528,0.00444,0.00388,0,横ばい,,,,,
2026-10-08,5018,ＭＯＲＥＳＣＯ,スタンダード,石油・石炭製品,年初来,年初来,0,,6642,,2480,0.01850,2480,2440,2026-08-31,0.01639,0.01639,0.00000,1,0.68448,2.40648,0.05197,4,38,2026-10-09,-0.00121,0.02503,0.02379,0.06250,0,続伸,,,,,
2026-10-08,5033,ヌーラボ,グロース,情報・通信業,年初来,年初来,0,,1564,,1295,0.04350,1328,1279,2026-10-07,0.03831,0.01251,0.54098,0,1.19788,1.72529,0.07967,3,1,2026-10-09,-0.01158,0.00859,-0.00309,-0.02711,0,横ばい,,,,,
2026-10-08,5133,テリロジーホールディングス,スタンダード,情報・通信業,年初来,年初来,0,,1438,,395,0.09720,423,408,2026-10-07,0.03676,-0.03186,0.39437,0,31.8923,16.3551,0.26733,1,1,2026-10-09,-0.09367,-0.01397,-0.10633,-0.12530,1,だまし,,,,,
2026-10-08,5256,Ｆｕｓｉｃ,グロース,情報・通信業,年初来,年初来,0,,1284,,4000,0.05960,4070,3870,2026-10-05,0.05168,0.03359,0.21875,0,0.756,1.88003,0.28153,1,3,2026-10-09,-0.01750,-0.05598,-0.07250,-0.00737,1,だまし,,,,,
2026-10-08,6337,テセック,スタンダード,機械,年初来,年初来,0,,9656,,4090,0.00620,4175,4100,2026-10-06,0.01829,-0.00244,0.36957,0,2.57261,1.76649,0.14559,8,2,2026-10-09,-0.03423,0.04810,0.01222,0.00120,0,続伸,,,,,
2026-10-08,6532,ベイカレント,プライム,サービス業,年初来,年初来,0,,3659,0,8346,0.01660,8409,8280,2026-10-07,0.01558,0.00797,0.26471,0,87.633,1.01543,0.07628,3,1,2026-10-09,0.00827,0.03957,0.04817,0.04281,0,続伸,,,,,
2026-10-08,6533,Ｏｒｃｈｅｓｔｒａ　Ｈｏｌｄｉｎｇｓ,プライム,サービス業,年初来,年初来,0,,3659,,2154,0.02570,2164,2136,2026-10-02,0.01311,0.00843,0.09615,0,1.76843,0.756713,0.48975,2,6,2026-10-09,0.00279,0.02454,0.02739,0.02957,0,続伸,,,,,
2026-10-08,6724,セイコーエプソン,プライム,電気機器,年初来,年初来,0,,9411,0,3387,0.00620,3416,3384,2026-10-07,0.00946,0.00089,0.37179,0,51.0421,1.11489,0.05654,1,1,2026-10-09,0.00059,-0.00502,-0.00443,-0.00176,1,横ばい,,,,,
2026-10-08,6807,日本航空電子工業,プライム,電気機器,年初来,年初来,0,,9411,,2837,0.02160,2894,2821,2026-10-07,0.02588,0.00567,0.28934,0,22.2392,2.97814,0.10820,1,1,2026-10-09,0.00916,0.02445,0.03384,0.01555,0,続伸,,,,,
2026-10-08,6947,図研,プライム,電気機器,年初来,年初来,0,,9411,,5560,0.00360,5590,5550,2026-10-05,0.00721,0.00180,0.21429,0,3.62512,0.89235,0.09877,6,3,2026-10-09,0.00360,0.02509,0.02878,0.03220,0,続伸,,,,,
2026-10-08,7133,ＨＹＵＧＡ　ＰＲＩＭＡＲＹ　ＣＡＲＥ,グロース,小売業,年初来,年初来,0,,1753,,2106,0.00050,2107,2106,2026-10-07,0.00047,0.00000,0.50000,1,0.823446,0.632361,0.33244,2,1,2026-10-09,0.00000,-0.00047,-0.00047,0.00000,1,横ばい,,,,,
2026-10-08,7806,ＭＴＧ,グロース,その他製品,年初来,上場来,1,1,3013,,8950,-0.04280,9500,9400,2026-08-26,0.01064,-0.04787,0.96491,0,26.9753,1.55662,0.06945,0,43,2026-10-09,-0.00894,0.03157,0.02235,-0.03684,1,続伸,,,,,
2026-10-08,7864,フジシールインターナショナル,プライム,その他製品,年初来,年初来,0,,8316,,3465,0.01320,3510,3480,2026-02-12,0.00862,-0.00431,0.75000,0,10.5613,2.06589,0.04067,4,238,2026-10-09,0.01010,0.00000,0.01010,0.00000,0,続伸,,,,,
2026-10-08,7976,三菱鉛筆,プライム,その他製品,年初来,記録上の最高値,1,0,9411,,3490,0.00140,3515,3510,2026-09-30,0.00142,-0.00570,0.45455,0,4.18451,1.22576,0.05963,3,8,2026-10-09,0.01003,0.00851,0.01862,0.01138,0,続伸,,,,,
2026-10-08,7986,日本アイ・エス・ケイ,スタンダード,その他製品,年初来,年初来,0,,9746,,2232,0.11820,2280,2069,2026-03-26,0.10198,0.07878,0.18898,0,0.497736,19.4547,0.15681,3,196,2026-10-09,-0.02195,-0.02794,-0.04928,-0.04254,0,だまし,,,,,
2026-10-08,8876,リログループ,プライム,サービス業,年初来,年初来,0,,6065,,2394,0.01010,2412,2379.5,2026-10-07,0.01366,0.00609,0.34951,0,12.2357,0.967339,0.05818,7,1,2026-10-09,0.01337,-0.00763,0.00564,0.00726,0,横ばい,,,,,
2026-10-08,9889,ＪＢＣＣホールディングス,プライム,情報・通信業,年初来,記録上の最高値,1,0,9411,,1838,0.05510,1858,1818,2026-08-24,0.02200,0.01100,0.20000,0,10.0796,3.45917,0.08845,3,45,2026-10-09,0.01197,0.02742,0.03972,0.02853,0,続伸,,,,,
2026-10-08,9928,ミロク情報サービス,プライム,情報・通信業,年初来,年初来,0,,9380,,2174,0.02310,2190,2145,2026-10-01,0.02098,0.01352,0.20000,0,1.61093,1.81236,0.05189,3,7,2026-10-09,0.00552,0.01372,0.01932,0.01826,0,続伸,,,,,
2026-10-09,153A,カウリス,グロース,情報・通信業,年初来,年初来,0,,928,,2651,-0.04190,3035,2767,2026-10-08,0.09686,-0.04192,0.52966,0,185.742,16.6962,0.51552,0,1,,,,,,,,,,,,
2026-10-09,2009,鳥越製粉,スタンダード,食料品,年初来,年初来,0,,9381,,1144,-0.00440,1150,1149,2026-10-08,0.00087,-0.00435,0.60000,0,0.147576,0.765634,0.02605,0,1,,,,,,,,,,,,
2026-10-09,2146,ＵＴグループ,プライム,サービス業,年初来,年初来,0,,8317,,243,0.02100,244,243,2026-09-18,0.00412,0.00000,0.20000,0,6.98018,0.764277,0.03811,1,21,,,,,,,,,,,,
2026-10-09,2760,東京エレクトロン　デバイス,プライム,卸売業,年初来,年初来,0,,8592,,5030,0.04360,5060,4885,2026-10-08,0.03582,0.02968,0.08696,0,15.4622,2.66993,0.15119,5,1,,,,,,,,,,,,
2026-10-09,2914,日本たばこ産業,プライム,食料品,年初来,記録上の最高値,1,0,9747,0,7230,0.03880,7297,7218,2026-07-31,0.01094,0.00166,0.33838,0,601.738,2.31613,0.05422,1,70,,,,,,,,,,,,
2026-10-09,3040,ソリトンシステムズ,プライム,情報・通信業,年初来,記録上の最高値,1,0,7131,,3085,0.06230,3120,3025,2026-10-07,0.03140,0.01983,0.12111,0,20.9873,3.71057,0.21068,2,2,,,,,,,,,,,,
2026-10-09,3042,セキュアヴェイル,スタンダード,情報・通信業,年初来,年初来,0,,7405,,581,0.09010,632,533,2026-10-08,0.18574,0.09006,0.35417,0,65.0488,7.94567,0.73661,4,1,,,,,,,,,,,,
2026-10-09,3106,倉敷紡績,プライム,繊維製品,年初来,記録上の最高値,1,0,9412,,2543,0.01880,2559,2525,2026-10-06,0.01347,0.00713,0.20000,0,4.9029,1.07732,0.10928,2,3,,,,,,,,,,,,
2026-10-09,3131,シンデン・ハイテックス,スタンダード,卸売業,年初来,記録上の最高値,1,0,4209,,8880,0.04230,9050,8800,2026-10-07,0.02841,0.00909,0.20238,0,5.02608,1.71913,0.22038,1,2,,,,,,,,,,,,
2026-10-09,3132,マクニカホールディングス,プライム,卸売業,年初来,記録上の最高値,1,0,4209,,4634,0.02320,4725,4604,2026-10-08,0.02628,0.00652,0.33091,0,91.2805,2.13255,0.15826,5,1,,,,,,,,,,,,
2026-10-09,3143,オーウイル,スタンダード,卸売業,年初来,記録上の最高値,1,0,6521,,1133,0.04910,1138,1120,2026-10-06,0.01607,0.01161,0.06757,0,0.380688,0.751848,0.33439,1,3,,,,,,,,,,,,
2026-10-09,3156,レスター,プライム,卸売業,年初来,記録上の最高値,1,0,6856,,6500,0.04500,6520,6470,2026-10-06,0.00773,0.00464,0.04651,0,7.8455,1.30942,0.12644,1,3,,,,,,,,,,,,
2026-10-09,3371,ソフトクリエイトホールディングス,プライム,情報・通信業,年初来,年初来,0,,6582,,2237,0.03140,2259,2245,2026-01-13,0.00624,-0.00356,0.20952,0,1.28628,0.914026,0.04689,2,269,,,,,,,,,,,,
2026-10-09,3374,内外テック,スタンダード,卸売業,年初来,年初来,0,,7770,,5440,0.05430,5440,5420,2026-10-06,0.00369,0.00369,0.00000,1,2.70368,1.36844,0.21787,1,3,,,,,,,,,,,,
2026-10-09,338A,ＺｅｎｍｕＴｅｃｈ,グロース,情報・通信業,年初来,年初来,0,,560,,4755,-0.16430,5840,5690,2026-10-07,0.02636,-0.16432,0.94348,0,152.231,2.91399,0.39400,0,2,,,,,,,,,,,,
2026-10-09,3399,丸千代山岡家,スタンダード,小売業,年初来,記録上の最高値,1,0,7527,,4495,0.02630,4595,4380,2026-10-08,0.04909,0.02626,0.62500,0,10.1677,2.24949,0.14017,5,1,,,,,,,,,,,,
2026-10-09,3625,テックファームホールディングス,グロース,情報・通信業,年初来,年初来,0,,6765,,754,0.03570,759,744,2026-09-28,0.02016,0.01344,0.12195,0,0.208858,1.88013,0.09199,2,11,,,,,,,,,,,,
2026-10-09,3753,フライトソリューションズ,スタンダード,情報・通信業,年初来,年初来,0,,8012,,296,0.21810,314,265,2026-08-20,0.18491,0.11698,0.23377,0,16.613,41.0069,0.34155,4,50,,,,,,,,,,,,
2026-10-09,3762,テクマトリックス,プライム,情報・通信業,年初来,記録上の最高値,1,0,6066,,3085,0.03910,3120,3015,2026-10-08,0.03483,0.02322,0.24138,0,29.3198,3.18111,0.22446,4,1,,,,,,,,,,,,
2026-10-09,3774,インターネットイニシアティブ,プライム,情報・通信業,年初来,記録上の最高値,1,0,7586,,3680,0.02680,3728,3650,2026-08-07,0.02137,0.00822,0.33803,0,25.4803,1.61286,0.08253,2,63,,,,,,,,,,,,
2026-10-09,3845,アイフリークモバイル,スタンダード,情報・通信業,年初来,年初来,0,,7131,,352,0.03230,353,345,2026-09-17,0.02319,0.02029,0.05882,0,0.46288,1.26491,0.09904,5,22,,,,,,,,,,,,
2026-10-09,3909,ショーケース,スタンダード,情報・通信業,年初来,年初来,0,,4209,,389,0.25890,389,315,2026-10-08,0.23492,0.23492,0.00000,1,39.6842,33.8415,0.86374,3,1,,,,,,,,,,,,
2026-10-09,3968,セグエグループ,プライム,情報・通信業,年初来,記録上の最高値,1,0,3568,,826,0.05900,833,804,2026-10-07,0.03607,0.02736,0.08974,0,17.9366,4.79479,0.23195,2,2,,,,,,,,,,,,
2026-10-09,4020,ビートレンド,グロース,情報・通信業,年初来,年初来,0,,2125,,898,-0.00110,900,899,2026-10-07,0.00111,-0.00111,0.50000,0,0.023348,1.55791,0.06267,0,2,,,,,,,,,,,,
2026-10-09,4021,日産化学,プライム,化学,年初来,記録上の最高値,1,0,9747,0,9090,0.00780,9150,9124,2026-10-07,0.00285,-0.00373,0.25424,0,62.8301,1.34921,0.09859,1,2,,,,,,,,,,,,
2026-10-09,4178,Ｓｈａｒｉｎｇ　Ｉｎｎｏｖａｔｉｏｎｓ,グロース,情報・通信業,年初来,年初来,0,,2027,,985,0.02820,990,963,2026-10-08,0.02804,0.02285,0.15625,0,0.24231,0.721633,0.47015,4,1,,,,,,,,,,,,
2026-10-09,4197,アスマーク,スタンダード,情報・通信業,年初来,年初来,0,,1712,,2441,0.00000,2454,2441,2026-10-08,0.00533,0.00000,0.92857,0,0.046379,2.00137,0.02501,0,1,,,,,,,,,,,,
2026-10-09,436A,サイバーソリューションズ,グロース,情報・通信業,年初来,上場来,1,1,351,,1903,-0.07670,2066,2061,2026-10-08,0.00243,-0.07666,0.51746,0,68.1027,5.94526,0.40261,0,1,,,,,,,,,,,,
2026-10-09,4398,ブロードバンドセキュリティ,スタンダード,情報・通信業,年初来,年初来,0,,2937,,2822,0.00000,3260,2822,2026-10-08,0.15521,0.00000,0.48132,0,92.8918,44.1608,0.85049,0,1,,,,,,,,,,,,
2026-10-09,4431,スマレジ,グロース,情報・通信業,年初来,年初来,0,,2783,,4125,0.06040,4125,3945,2026-10-08,0.04563,0.04563,0.00000,1,7.35075,2.27151,0.18719,5,1,,,,,,,,,,,,
2026-10-09,4475,ＨＥＮＮＧＥ,グロース,情報・通信業,年初来,年初来,0,,2559,,1894,0.09160,1894,1866,2026-10-07,0.01501,0.01501,0.00000,1,31.5256,2.2118,0.10347,1,2,,,,,,,,,,,,
2026-10-09,4493,サイバーセキュリティクラウド,グロース,情報・通信業,年初来,年初来,0,,2391,,3700,0.10120,4000,3360,2026-10-08,0.19048,0.10119,0.31579,0,666.503,7.50037,0.76986,5,1,,,,,,,,,,,,
2026-10-09,4498,サイバートラスト,グロース,情報・通信業,年初来,年初来,0,,2006,,1572,0.23580,1572,1411,2026-01-07,0.11410,0.11410,0.00000,1,102.458,51.2366,0.29986,5,275,,,,,,,,,,,,
2026-10-09,4684,オービック,プライム,情報・通信業,年初来,年初来,0,,9412,0,5298,0.02400,5337,5184,2026-10-08,0.02951,0.02199,0.24074,0,95.3269,1.1824,0.05342,4,1,,,,,,,,,,,,
2026-10-09,4704,トレンドマイクロ,プライム,情報・通信業,年初来,年初来,0,,9534,0,7587,0.04910,7587,7430,2026-10-08,0.02113,0.02113,0.00000,1,232.246,2.56624,0.18723,4,1,,,,,,,,,,,,
2026-10-09,4746,東計電算,スタンダード,情報・通信業,年初来,記録上の最高値,1,0,9381,,2089,0.02700,2089,2044,2026-10-08,0.02202,0.02202,0.00000,1,4.24694,1.11535,0.11890,2,1,,,,,,,,,,,,
2026-10-09,4768,大塚商会,プライム,情報・通信業,年初来,年初来,0,,9381,0,4006,0.04270,4023,3855,2026-10-08,0.04358,0.03917,0.12143,0,119.86,2.68081,0.10045,4,1,,,,,,,,,,,,
2026-10-09,4847,インテリジェント　ウェイブ,プライム,情報・通信業,年初来,年初来,0,,9231,,1566,0.03230,1566,1557,2026-09-24,0.00578,0.00578,0.00000,1,1.81969,1.51422,0.07991,3,15,,,,,,,,,,,,
2026-10-09,4849,エン,プライム,サービス業,年初来,年初来,0,,8957,,1838,0.03610,1838,1803,2026-10-08,0.01941,0.01941,0.00000,1,3.15401,0.551726,0.08688,2,1,,,,,,,,,,,,
2026-10-09,4884,クリングルファーマ,グロース,医薬品,年初来,年初来,0,,2111,,645,0.17700,648,623,2026-10-06,0.04013,0.03531,0.02941,0,6.07784,4.43044,0.32563,1,3,,,,,,,,,,,,
2026-10-09,4967,小林製薬,プライム,化学,年初来,年初来,0,,9381,,7238,0.00440,7251,7223,2026-10-08,0.00388,0.00208,0.15294,0,17.1541,0.729587,0.14326,3,1,,,,,,,,,,,,
2026-10-09,5018,ＭＯＲＥＳＣＯ,スタンダード,石油・石炭製品,年初来,記録上の最高値,1,0,6643,,2539,0.02380,2635,2480,2026-10-08,0.06250,0.02379,0.41921,0,2.13784,6.95407,0.07388,5,1,,,,,,,,,,,,
2026-10-09,5136,ｔｒｉｐｌａ,グロース,情報・通信業,年初来,年初来,0,,1418,,2672,0.05780,2701,2629,2026-10-07,0.02739,0.01636,0.12946,0,3.29992,1.42984,0.17515,1,2,,,,,,,,,,,,
2026-10-09,5218,オハラ,スタンダード,ガラス・土石製品,年初来,年初来,0,,7647,,1783,0.05320,1799,1765,2026-09-08,0.01926,0.01020,0.12903,0,3.58561,2.44657,0.07974,1,31,,,,,,,,,,,,
2026-10-09,5246,ＥＬＥＭＥＮＴＳ,グロース,情報・通信業,年初来,年初来,0,,1383,,1065,0.16390,1065,973,2026-10-07,0.09455,0.09455,0.00000,1,49.2222,8.39747,0.24789,1,2,,,,,,,,,,,,
2026-10-09,5252,日本ナレッジ,グロース,情報・通信業,年初来,年初来,0,,1299,,1097,0.06820,1097,1050,2026-09-29,0.04476,0.04476,0.00000,1,0.26328,1.05609,0.17527,6,10,,,,,,,,,,,,
2026-10-09,5527,ｐｒｏｐｅｒｔｙ　ｔｅｃｈｎｏｌｏｇｉｅｓ,グロース,不動産業,年初来,年初来,0,,1397,,794,0.00760,800,788,2026-01-13,0.01523,0.00761,0.37500,0,0.264402,1.67748,0.05771,3,269,,,,,,,,,,,,
2026-10-09,5537,ＡｌｂａＬｉｎｋ,グロース,不動産業,年初来,記録上の最高値,1,0,1047,,4085,0.00370,4290,4100,2026-10-07,0.04634,-0.00366,0.64062,0,4.0564,1.96264,0.13611,3,2,,,,,,,,,,,,
2026-10-09,5932,三協立山,プライム,金属製品,年初来,年初来,0,,4998,,739,0.01370,771,736,2026-02-12,0.04755,0.00408,0.68085,0,10.7798,10.0529,0.12577,2,239,,,,,,,,,,,,
2026-10-09,604A,ビーエイブル,スタンダード,建設業,年初来,上場来,1,1,72,,1840,0.12400,1860,1833,2026-10-07,0.01473,0.00382,0.06803,0,43.1922,1.31339,0.29687,1,2,,,,,,,,,,,,
2026-10-09,6080,Ｍ＆Ａキャピタルパートナーズ,プライム,サービス業,年初来,年初来,0,,4695,,4425,0.00800,4440,4430,2026-10-07,0.00226,-0.00113,0.21429,0,3.54442,0.923191,0.04843,1,2,,,,,,,,,,,,
2026-10-09,6258,平田機工,プライム,機械,年初来,年初来,0,,7221,,4370,0.11340,4400,4235,2026-10-06,0.03896,0.03188,0.05660,0,40.5623,3.98197,0.17120,1,3,,,,,,,,,,,,
2026-10-09,6337,テセック,スタンダード,機械,年初来,年初来,0,,9657,,4140,0.01220,4180,4175,2026-10-08,0.00120,-0.00838,0.14286,0,2.4012,1.6725,0.15070,9,1,,,,,,,,,,,,
2026-10-09,6490,ＰＩＬＬＡＲ,プライム,機械,年初来,記録上の最高値,1,0,9381,,12840,0.04990,12840,12530,2026-10-06,0.02474,0.02474,0.00000,1,23.1377,1.79341,0.24279,1,3,,,,,,,,,,,,
2026-10-09,6532,ベイカレント,プライム,サービス業,年初来,年初来,0,,3660,0,8748,0.04820,8769,8409,2026-10-08,0.04281,0.04031,0.05600,0,162.634,1.89398,0.12461,4,1,,,,,,,,,,,,
2026-10-09,6533,Ｏｒｃｈｅｓｔｒａ　Ｈｏｌｄｉｎｇｓ,プライム,サービス業,年初来,年初来,0,,3660,,2213,0.02740,2228,2164,2026-10-08,0.02957,0.02264,0.18072,0,2.26832,0.939559,0.48807,3,1,,,,,,,,,,,,
2026-10-09,6638,ミマキエンジニアリング,プライム,電気機器,年初来,記録上の最高値,1,0,7131,,2433,0.06010,2433,2358,2026-10-05,0.03181,0.03181,0.00000,1,5.78811,1.8722,0.16171,2,4,,,,,,,,,,,,
2026-10-09,6730,アクセル,スタンダード,電気機器,年初来,年初来,0,,6521,,1741,0.02960,1741,1731,2026-10-06,0.00578,0.00578,0.00000,1,2.9214,0.809131,0.28343,2,3,,,,,,,,,,,,
2026-10-09,6785,鈴木,プライム,電気機器,年初来,記録上の最高値,1,0,6066,,3570,0.02000,3625,3595,2026-10-07,0.00834,-0.00695,0.27500,0,2.82744,1.24076,0.10632,1,2,,,,,,,,,,,,
2026-10-09,6794,フォスター電機,プライム,電気機器,年初来,記録上の最高値,1,0,9412,,3575,0.00990,3645,3580,2026-10-07,0.01816,-0.00140,0.58333,0,6.6209,1.33484,0.12142,2,2,,,,,,,,,,,,
2026-10-09,6807,日本航空電子工業,プライム,電気機器,年初来,年初来,0,,9412,,2933,0.03380,2939,2894,2026-10-08,0.01555,0.01348,0.05000,0,15.5977,1.86445,0.13806,2,1,,,,,,,,,,,,
2026-10-09,6877,ＯＢＡＲＡ　ＧＲＯＵＰ,スタンダード,電気機器,年初来,年初来,0,,7343,,6880,0.07840,6880,6870,2026-05-14,0.00146,0.00146,0.00000,1,6.65984,2.15208,0.20499,1,148,,,,,,,,,,,,
2026-10-09,6947,図研,プライム,電気機器,年初来,年初来,0,,9412,,5720,0.02880,5770,5590,2026-10-08,0.03220,0.02326,0.19231,0,5.19948,1.26209,0.12461,7,1,,,,,,,,,,,,
2026-10-09,7480,スズデン,スタンダード,卸売業,年初来,記録上の最高値,1,0,7951,,3985,0.06840,3985,3925,2026-10-02,0.01529,0.01529,0.00000,1,3.76981,1.62913,0.10756,1,7,,,,,,,,,,,,
2026-10-09,7513,コジマ,プライム,小売業,年初来,年初来,0,,9412,,1422,0.00850,1534,1517,2026-08-25,0.01121,-0.06262,0.83582,0,12.7226,4.46093,-0.01431,1,45,,,,,,,,,,,,
2026-10-09,7537,丸文,プライム,卸売業,年初来,記録上の最高値,1,0,9381,,1971,0.02020,1997,1958,2026-10-06,0.01992,0.00664,0.27660,0,3.61876,2.19837,0.06391,2,3,,,,,,,,,,,,
2026-10-09,7552,ハピネット,プライム,卸売業,年初来,記録上の最高値,1,0,9412,,5370,0.03070,5440,5260,2026-09-30,0.03422,0.02091,0.36842,0,19.2407,1.17527,0.24196,4,9,,,,,,,,,,,,
2026-10-09,7713,シグマ光機,スタンダード,精密機器,年初来,年初来,0,,9747,,3100,0.19230,3100,2800,2026-10-07,0.10714,0.10714,0.00000,1,2.8706,4.25252,0.24440,1,2,,,,,,,,,,,,
2026-10-09,7740,タムロン,プライム,精密機器,年初来,記録上の最高値,1,0,7252,,1550,0.02650,1571,1565,2026-10-07,0.00383,-0.00958,0.43750,0,11.2515,1.53079,0.11839,1,2,,,,,,,,,,,,
2026-10-09,7807,幸和製作所,スタンダード,その他製品,年初来,年初来,0,,3238,,916,0.03150,948,895,2026-07-17,0.05922,0.02346,0.54237,0,0.087936,4.98495,0.05442,2,84,,,,,,,,,,,,
2026-10-09,7832,バンダイナムコホールディングス,プライム,その他製品,年初来,記録上の最高値,1,0,9412,0,5833,0.01960,5902,5850,2026-09-01,0.00889,-0.00291,0.41818,0,201.396,1.4413,0.04602,2,38,,,,,,,,,,,,
2026-10-09,7839,ＳＨＯＥＩ,プライム,その他製品,年初来,年初来,0,,6948,,2262,0.01530,2266,2259,2026-10-06,0.00310,0.00133,0.07843,0,3.39979,0.704185,0.06287,2,3,,,,,,,,,,,,
2026-10-09,7846,パイロットコーポレーション,プライム,その他製品,年初来,年初来,0,,9016,,2173.5,0.01900,2175,2170,2026-09-25,0.00230,0.00161,0.03750,1,5.76195,0.862484,0.03149,2,14,,,,,,,,,,,,
2026-10-09,7867,タカラトミー,プライム,その他製品,年初来,年初来,0,,9381,,4320,0.02610,4348,4267,2026-09-30,0.01898,0.01242,0.21053,0,27.5789,0.911974,0.09471,2,9,,,,,,,,,,,,
2026-10-09,7976,三菱鉛筆,プライム,その他製品,年初来,記録上の最高値,1,0,9412,,3555,0.01860,3555,3515,2026-10-08,0.01138,0.01138,0.00000,1,4.43309,1.26154,0.07389,4,1,,,,,,,,,,,,
2026-10-09,8876,リログループ,プライム,サービス業,年初来,年初来,0,,6066,,2407.5,0.00560,2429.5,2412,2026-10-08,0.00726,-0.00187,0.41509,0,11.9532,0.928123,0.06142,8,1,,,,,,,,,,,,
2026-10-09,9213,セイファート,スタンダード,サービス業,年初来,年初来,0,,1712,,1118,0.05570,1122,1100,2026-07-07,0.02000,0.01636,0.07018,0,0.082732,2.21986,0.07541,3,94,,,,,,,,,,,,
2026-10-09,9658,ビジネスブレイン太田昭和,プライム,情報・通信業,年初来,記録上の最高値,1,0,9747,,1215,0.03320,1238,1205,2026-01-13,0.02739,0.00830,0.31944,0,1.85773,1.77733,0.09043,2,269,,,,,,,,,,,,
2026-10-09,9722,藤田観光,プライム,サービス業,年初来,記録上の最高値,1,0,9412,,3200,0.03230,3200,3160,2026-09-01,0.01266,0.01266,0.00000,1,4.5568,0.567899,0.11394,2,38,,,,,,,,,,,,
2026-10-09,9766,コナミグループ,プライム,情報・通信業,年初来,年初来,0,,9747,0,23120,0.03540,23250,22995,2026-01-30,0.01109,0.00544,0.14286,0,175.735,1.51887,0.07612,3,252,,,,,,,,,,,,
2026-10-09,9835,ジュンテンドー,スタンダード,小売業,年初来,年初来,0,,9381,,535,0.04700,549,528,2026-02-13,0.03977,0.01326,0.29167,0,0.363265,30.104,0.04713,1,238,,,,,,,,,,,,
2026-10-09,9889,ＪＢＣＣホールディングス,プライム,情報・通信業,年初来,記録上の最高値,1,0,9412,,1911,0.03970,1911,1858,2026-10-08,0.02853,0.02853,0.00000,1,6.58722,2.00683,0.12693,4,1,,,,,,,,,,,,
2026-10-09,9928,ミロク情報サービス,プライム,情報・通信業,年初来,年初来,0,,9381,,2216,0.01930,2230,2190,2026-10-08,0.01826,0.01187,0.21875,0,1.20772,1.27972,0.06927,4,1,,,,,,,,,,,,
